09/12/2023 21:22:19, Junior-Mid Level Ruby Developers in Liverpool/Manchester!, Opus Recruitment Solutions, Hybrid, £25 000/yr - £40 000/yr Hybrid
, yes
09/12/2023 21:29:58, Software Engineer, Vallum Associates, Full-time, On-site
, no
09/12/2023 21:30:11, Junior-Mid Level Ruby Developers in Liverpool/Manchester!, Opus Recruitment Solutions, Hybrid, £25 000/yr - £40 000/yr Hybrid
, yes
09/12/2023 21:30:37, Full Stack Developer, Heat Recruitment, Full-time, Hybrid
, yes
09/12/2023 21:49:00, Umbraco Developer, Gulf Energy Information, Full-time, Remote
, no
09/12/2023 21:49:46, NetSuite Developer, Caroola, Remote, £55 000/yr - £65 000/yr Remote
, no
09/12/2023 22:04:59, Junior-Mid Level Ruby Developers in Liverpool/Manchester!, Opus Recruitment Solutions, Hybrid, £25 000/yr - £40 000/yr Hybrid
, yes
09/12/2023 22:16:06, Junior-Mid Level Ruby Developers in Liverpool/Manchester!, Opus Recruitment Solutions, Hybrid, £25 000/yr - £40 000/yr Hybrid
, yes
09/12/2023 22:29:26, Building Management Systems Engineer, Dalkia UK, Full-time, Hybrid
, no
09/12/2023 22:30:24, Node JS Developer, 1X2 Network, Full-time, Hybrid
, no
09/12/2023 23:41:07, Costing Assistant, Talbots Law, Full-time, On-site
, no
09/12/2023 23:56:21, Scala Developer, Spectrum IT Recruitment, Full-time, Remote
, no
10/12/2023 22:58:54, UniBasic Developer, The Curve Group, Full-time, Hybrid
, no
10/12/2023 22:59:39, Software Engineer, In Technology Group, Hybrid, £35 000/yr - £45 000/yr Hybrid
, no
10/12/2023 23:00:28, FullStack .Net Developer, Senitor Associates, Hybrid, £34 000/yr - £38 200/yr Hybrid
, no
10/12/2023 23:00:55, Sharepoint Developer, InterEx Group, Contract, Hybrid
, yes
10/12/2023 23:01:30, Software Engineer (Python/Rust) - Up to £110k + Bonus - Elite Scaling FinTech Firm, Hunter Bond, Full-time, Hybrid
, no
10/12/2023 23:01:42, Software Developer, Vantage Consulting, Full-time, On-site
, yes
10/12/2023 23:02:26, Full Stack Developer, Eilla AI, Full-time, Hybrid
, no
10/12/2023 23:03:15, Software Engineer, Campbell Scientific, Inc., Full-time, On-site
, no
10/12/2023 23:12:14, Wordpress Developer, Digital Waffle, On-site, £28 000/yr - £30 000/yr On-site
, no
10/12/2023 23:12:49, Scala Developer, Spectrum IT Recruitment, Full-time, Remote
, no
10/12/2023 23:13:35, Software Engineer, TEC Partners - Technical Recruitment Specialists, Hybrid, £35 000/yr - £45 000/yr Hybrid
, no
11/12/2023 13:22:02, Node JS Developer, 1X2 Network, Full-time, Hybrid
, yes
11/12/2023 13:28:48, Node JS Developer, 1X2 Network, Full-time, Hybrid
, yes
11/12/2023 13:33:11, Node JS Developer, 1X2 Network, Full-time, Hybrid
, yes
11/12/2023 13:40:14, Node JS Developer, 1X2 Network, Full-time, Hybrid
, yes
11/12/2023 13:44:21, Node JS Developer, 1X2 Network, Full-time, Hybrid
, yes
12/12/2023 11:18:03, Mid Level Full Stack (Ruby) Developer, CareScribe, Hybrid, £46 000/yr - £63 000/yr Hybrid
, no
12/12/2023 11:21:27, Mid Level Full Stack (Ruby) Developer, CareScribe, Hybrid, £46 000/yr - £63 000/yr Hybrid
, no
12/12/2023 11:35:35, Mid Level Full Stack (Ruby) Developer, CareScribe, Hybrid, £46 000/yr - £63 000/yr Hybrid
, no
12/12/2023 11:36:36, Full Stack Developer, Eilla AI, Full-time, Hybrid
, no
12/12/2023 11:36:48, Junior Rails Developer, focusgov, Remote, £25 000/yr - £30 000/yr Remote
, yes
12/12/2023 11:37:55, Full Stack Laravel Developer, Green Doors, Hybrid, £35 000/yr - £40 000/yr Hybrid
, no
13/12/2023 22:32:01, Software Engineer, Hyper Recruitment Solutions, Hybrid, £45 000/yr - £55 000/yr Hybrid
, no
13/12/2023 22:32:54, Software Engineer DevOps, CMT Capital Markets Trading, Full-time, Hybrid
, no
13/12/2023 22:50:37, Software Engineer DevOps, CMT Capital Markets Trading, Full-time, Hybrid
, no
13/12/2023 22:50:49, Full Stack Developer, Heat Recruitment, Full-time, Hybrid
, yes
13/12/2023 22:51:33, Software Developer, Four Squared Recruitment , Hybrid, £25 000/yr - £30 000/yr Hybrid
, no
14/12/2023 13:30:20, Full Stack Developer, Eilla AI, Full-time, Hybrid
, yes
14/12/2023 14:26:06, Software Engineer (Scala), Optellum, Full-time, Hybrid
, no
14/12/2023 14:26:18, Full Stack Developer, Eilla AI, Full-time, Hybrid
, yes
14/12/2023 15:28:13, Software Engineer (Scala), Optellum, Full-time, Hybrid
, no
14/12/2023 15:29:06, Wordpress Developer, FullSphere, On-site, £23 000/yr - £40 000/yr On-site
, no
14/12/2023 15:29:18, Full Stack Developer, Eilla AI, Full-time, Hybrid
, yes
14/12/2023 22:50:21, Software Engineer (Scala), Optellum, Full-time, Hybrid
, no
14/12/2023 23:28:10, Full Stack Developer, Heat Recruitment, Full-time, Hybrid
, yes
14/12/2023 23:37:21, Software Engineer, McNally Recruitment Ltd, Full-time, Hybrid
, no
14/12/2023 23:37:57, Salesforce Apex Software Engineer, Clarke Recruitment Solutions, Hybrid, £30/hr - £32/hr Hybrid
, yes
14/12/2023 23:38:57, UniBasic Developer, The Curve Group, Full-time, Hybrid
, no
14/12/2023 23:39:41, Junior PHP Developer, Corriculo Recruitment, Hybrid, £25 000/yr - £35 000/yr Hybrid
, no
14/12/2023 23:40:06, Full Stack Engineer, Element Materials Technology, Full-time, Hybrid
, yes
14/12/2023 23:40:50, Salesforce Developer, Shape IT Recruitment, Remote, £60 000/yr Remote
, no
14/12/2023 23:41:15, Scala Developer, Spectrum IT Recruitment, Full-time, Remote
, yes
14/12/2023 23:42:30, Full Stack Engineer, Hays, Full-time, Hybrid
, no
14/12/2023 23:43:14, Software Engineer, Haystack, Hybrid, £20 000/yr - £40 000/yr Hybrid
, no
14/12/2023 23:43:58, Software Engineer, CPS Group (UK) Limited, Hybrid, £45 000/yr - £53 000/yr Hybrid
, no
15/12/2023 10:41:17, Full Stack Developer, Eilla AI, Full-time, Hybrid
, yes
15/12/2023 23:00:50, Support Developer, Stelfox Tech Recruitment, Full-time, On-site
, yes
15/12/2023 23:09:20, Support Developer, Stelfox Tech Recruitment, Full-time, On-site
, yes
16/12/2023 10:33:39, Full Stack Developer, Eilla AI, Full-time, Hybrid
, yes
16/12/2023 10:34:23, Software Engineer (Scala), Optellum, Full-time, Hybrid
, no
16/12/2023 10:40:22, Software Engineer (Scala), Optellum, Full-time, Hybrid
, no
16/12/2023 10:46:55, Software Engineer (Scala), Optellum, Full-time, Hybrid
, no
16/12/2023 13:45:37, Wordpress Developer, FullSphere, On-site, £23 000/yr - £40 000/yr On-site
, yes
16/12/2023 19:17:24, Software Engineer, TEC Partners - Technical Recruitment Specialists, Hybrid, £35 000/yr - £45 000/yr Hybrid
, no
16/12/2023 19:37:45, Wordpress Developer, FullSphere, On-site, £23 000/yr - £40 000/yr On-site
, yes
16/12/2023 20:07:03, Wordpress Developer, FullSphere, On-site, £23 000/yr - £40 000/yr On-site
, yes
16/12/2023 20:07:47, Software Engineer (Scala), Optellum, Full-time, Hybrid
, no
16/12/2023 20:08:22, Software Developer, be:technology, Hybrid, £35 000/yr - £40 000/yr Hybrid
, yes
16/12/2023 20:33:13, Software Engineer (Scala), Optellum, Full-time, Hybrid
, no
16/12/2023 20:33:26, Software Developer, be:technology, Hybrid, £35 000/yr - £40 000/yr Hybrid
, yes
16/12/2023 20:34:01, FullStack .Net Developer, Senitor Associates, Hybrid, £34 000/yr - £38 200/yr Hybrid
, yes
16/12/2023 20:38:50, Software Engineer (Scala), Optellum, Full-time, Hybrid
, no
16/12/2023 20:39:02, Software Developer, be:technology, Hybrid, £35 000/yr - £40 000/yr Hybrid
, yes
16/12/2023 21:13:23, Software Developer, be:technology, Hybrid, £35 000/yr - £40 000/yr Hybrid
, yes
16/12/2023 21:13:48, Wordpress Developer, Adigi - Enterprise Wordpress and WooCommerce Agency, Full-time, Hybrid
, yes
16/12/2023 21:27:26, Software Developer, be:technology, Hybrid, £35 000/yr - £40 000/yr Hybrid
, yes
16/12/2023 21:27:38, Software Engineer, Ansible Motion, Full-time, On-site
, yes
16/12/2023 21:28:22, Software Engineer, McNally Recruitment Ltd, Full-time, Hybrid
, no
16/12/2023 21:28:34, Full Stack Developer, Eilla AI, Full-time, Hybrid
, yes
16/12/2023 21:43:50, Wordpress Developer, FullSphere, On-site, £23 000/yr - £40 000/yr On-site
, yes
16/12/2023 22:19:01, Wordpress Developer, FullSphere, On-site, £23 000/yr - £40 000/yr On-site
, yes
16/12/2023 22:25:36, Wordpress Developer, FullSphere, On-site, £23 000/yr - £40 000/yr On-site
, yes
16/12/2023 23:54:38, Support Developer, Stelfox Tech Recruitment, Full-time, On-site
, yes
16/12/2023 23:54:50, Wordpress Developer, Adigi - Enterprise Wordpress and WooCommerce Agency, Full-time, Hybrid
, yes
16/12/2023 23:55:23, UniBasic Developer, The Curve Group, Full-time, Hybrid
, no
16/12/2023 23:56:07, Backend Developer, TEC Partners - Technical Recruitment Specialists, Hybrid, £35 000/yr - £45 000/yr Hybrid
, no
16/12/2023 23:56:40, Information Technology Engineer, Klyk, Full-time, On-site
, no
17/12/2023 00:13:02, System Engineer, Forest Rock, Full-time, On-site
, no
17/12/2023 00:13:48, Systems Engineer, Mother Technologies, Full-time, On-site
, no
17/12/2023 00:14:00, Wordpress Developer, FullSphere, On-site, £23 000/yr - £40 000/yr On-site
, yes
17/12/2023 00:14:44, Software Engineer (Scala), Optellum, Full-time, Hybrid
, no
17/12/2023 00:15:09, Software Engineers - Kotlin, Oliver Bernard, Full-time, Hybrid
, yes
17/12/2023 00:15:55, Node JS Developer, 1X2 Network, Full-time, Hybrid
, no
17/12/2023 00:16:40, Electronics & Software Engineer, ARCC Innovations Ltd., Full-time, On-site
, no
17/12/2023 00:17:24, Project Engineer (Flexlay Business Unit), Maritime Developments Limited, Full-time, On-site
, no
17/12/2023 00:17:36, Wordpress Developer, Adigi - Enterprise Wordpress and WooCommerce Agency, Full-time, Hybrid
, yes
17/12/2023 00:18:23, Sharepoint Developer, Silicon Reef, Full-time, Remote
, no
17/12/2023 00:19:09, Information Technology Engineer, Klyk, Full-time, On-site
, no
17/12/2023 00:19:54, Web Developer, Petrolink, Full-time, Hybrid
, no
17/12/2023 00:24:24, Systems Engineer, Mother Technologies, Full-time, On-site
, no
17/12/2023 00:24:37, Wordpress Developer, FullSphere, On-site, £23 000/yr - £40 000/yr On-site
, yes
17/12/2023 00:25:21, Project Engineer (Flexlay Business Unit), Maritime Developments Limited, Full-time, On-site
, no
17/12/2023 00:26:05, Software Engineer (Scala), Optellum, Full-time, Hybrid
, no
17/12/2023 00:26:17, Software Engineers - Kotlin, Oliver Bernard, Full-time, Hybrid
, yes
17/12/2023 00:26:29, Wordpress Developer, Adigi - Enterprise Wordpress and WooCommerce Agency, Full-time, Hybrid
, yes
17/12/2023 00:27:15, Node JS Developer, 1X2 Network, Full-time, Hybrid
, no
17/12/2023 00:28:02, Sharepoint Developer, Silicon Reef, Full-time, Remote
, no
17/12/2023 00:28:46, Full-stack Software Engineer, Recourse AI, Full-time, Hybrid
, no
17/12/2023 00:29:30, Web Developer, Oceanskies Limited, Full-time, On-site
, no
17/12/2023 00:30:16, Information Technology Engineer, Klyk, Full-time, On-site
, no
17/12/2023 00:31:00, Data Engineer, Klyk, Contract, Hybrid
, no
17/12/2023 00:31:45, IT System Engineer, Trackpro Ltd, On-site, £25 000/yr - £35 000/yr On-site
, no
17/12/2023 00:32:29, Software Engineer, Phare Health, Full-time, On-site
, no
17/12/2023 00:33:13, Frontend Developer, Itch, Full-time, Hybrid
, no
17/12/2023 00:33:56, Junior Software Engineer, Language Insight, Full-time, Hybrid
, no
17/12/2023 00:34:41, SaaS Platform Operations Engineer, Bottomline, Full-time, On-site
, no
17/12/2023 00:35:25, Java Fullstack Developer (Multi-threading), PRACYVA , Contract, Hybrid
, no
17/12/2023 00:35:38, Full Stack Developer, Eilla AI, Full-time, Hybrid
, yes
17/12/2023 00:36:22, Junior Backend Engineer, Monkey Tilt, Full-time, Remote
, no
17/12/2023 00:37:06, Web Developer, Andy's Web Kitchen, Full-time, Hybrid
, no
17/12/2023 00:37:18, Software Engineer, Ansible Motion, Full-time, On-site
, yes
17/12/2023 00:38:02, Software Engineer, Matchtech, Full-time, Hybrid
, no
17/12/2023 00:38:46, Junior Software Engineer, MPowered Mortgages, Full-time, Hybrid
, no
17/12/2023 00:39:32, System Engineer, Forest Rock, Full-time, On-site
, no
17/12/2023 00:49:10, Embedded Software Engineer, Atlas Endoscopy, On-site, £37 000/yr - £45 000/yr On-site
, no
